{"most_acc_2": ["f1", "f1", "f1", "f1", "f10", "f10", "f10", "f10", "f12", "f12", "f12", "f12", "f12", "f12", "f12", "f12", "f11", "f11", "f12", "f12", "f13", "f13", "f10", "f10", "f10", "f10","f10"], "disp_vals": [7.798062004984201, 6.5083395784863525, 5.760934336044732, 5.225096221444079, 4.564570361392311, 4.226412066090584, 3.694569696006995, 3.2103111953434986, 3.0979113132470926, 2.59083933274442, 2.4732719290307057, 2.422687057601016, 2.4514558830706505, 2.2196507666854983, 2.159375604467076, 1.8379414463543404, 1.6667394075486053, 1.5926144759065088, 1.654647124507703, 1.6239531837001566, 1.593015391726663, 1.5890376268931796, 1.4767806283986182, 1.4728359417347336, 1.259305568980988, 1.6834588825060188, 2.2377203935789542], "best_perf_avg": ["f1", "f1", "f9", "f9", "f9", "f9", "f9", "f9", "f9", "f9", "f9", "f9", "f9", "f9", "f9", "f9", "f9", "f9", "f9", "f9", "f9", "f9", "f9", "f9", "f9", "f9", "f1"], "disp_int_interp": {"5": [4.545322805136955, 4.341096666950458], "2": [5.158001219696446, 4.953775081509949], "20": [1.4819307323395012, 1.2777045941530045], "10": [3.5241921142044705, 3.319965976017974], "11": [3.319965976017974, 3.1157398378314767], "15": [2.503061423271986, 2.298835285085489], "12": [3.1157398378314767, 2.91151369964498], "22": [1.0734784559665078, 0.8692523177800107], "21": [1.2777045941530045, 1.0734784559665078], "18": [1.8903830087124955, 1.6861568705259984], "24": [0.665026179593514, 0.46080004140701725], "4": [4.749548943323452, 4.545322805136955], "3": [4.953775081509949, 4.749548943323452], "7": [4.1368705287639616, 3.9326443905774644], "14": [2.7072875614584833, 2.503061423271986], "16": [2.298835285085489, 2.0946091468989927], "1": [5.362227357882943, 5.158001219696446], "13": [2.91151369964498, 2.7072875614584833], "0": [15, 5.362227357882943], "8": [3.9326443905774644, 3.7284182523909672], "19": [1.6861568705259984, 1.4819307323395012], "17": [2.0946091468989927, 1.8903830087124955], "23": [0.8692523177800107, 0.665026179593514], "25": [0.46080004140701725, 0.2565739032205201], "9": [3.7284182523909672, 3.5241921142044705], "6": [4.341096666950458, 4.1368705287639616]}, "best_perf_2": ["f1", "f1", "f1", "f1", "f9", "f9", "f10", "f10", "f9", "f9", "f9", "f9", "f9", "f9", "f12", "f9", "f9", "f9", "f9", "f9", "f9", "f9", "f9", "f9", "f9", "f9", "f9"], "disp_vals_interp": [5.464340426976191, 5.260114288789694, 5.055888150603198, 4.851662012416701, 4.6474358742302035, 4.443209736043706, 4.23898359785721, 4.034757459670713, 3.830531321484216, 3.626305183297719, 3.422079045111222, 3.2178529069247253, 3.0136267687382285, 2.8094006305517314, 2.6051744923652347, 2.400948354178737, 2.196722215992241, 1.9924960778057441, 1.788269939619247, 1.5840438014327498, 1.3798176632462527, 1.1755915250597564, 0.9713653868732592, 0.7671392486867621, 0.5629131105002658, 0.35868697231376867, 0.15446083412727152], "disp_int": {"5": [4.3954912137414475, 3.9604908810487895], "2": [6.134636957265542, 5.493015278744405], "20": [1.6084842877134098, 1.5910265093099212], "10": [2.532055630887563, 2.447979493315861], "11": [2.447979493315861, 2.4370714703358334], "15": [1.9986585254107083, 1.7523404269514729], "12": [2.4370714703358334, 2.3355533248780747], "22": [1.5329091276458988, 1.474808285066676], "21": [1.5910265093099212, 1.5329091276458988], "18": [1.6236308002071058, 1.6393001541039298], "24": [1.3660707553578608, 1.4713822257435034], "4": [4.894833291418195, 4.3954912137414475], "3": [5.493015278744405, 4.894833291418195], "7": [3.452440445675247, 3.1541112542952954], "14": [2.1895131855762875, 1.9986585254107083], "16": [1.7523404269514729, 1.6296769417275572], "1": [7.1532007917352765, 6.134636957265542], "13": [2.3355533248780747, 2.1895131855762875], "0": [15, 7.1532007917352765], "8": [3.1541112542952954, 2.8443753229957562], "19": [1.6393001541039298, 1.6084842877134098], "17": [1.6296769417275572, 1.6236308002071058], "23": [1.474808285066676, 1.3660707553578608], "25": [1.4713822257435034, 1.9605896380424865], "9": [2.8443753229957562, 2.532055630887563], "6": [3.9604908810487895, 3.452440445675247]}, "best_perf_0": ["f1", "f1", "f1", "f1", "f9", "f9", "f9", "f9", "f9", "f9", "f9", "f9", "f4", "f9", "f9", "f9", "f9", "f9", "f9", "f9", "f9", "f7", "f7", "f7", "f7", "f9", "f9"], "most_acc_avg": ["f10", "f10", "f1", "f1", "f10", "f10", "f13", "f9", "f9", "f11", "f9", "f9", "f9", "f9", "f9", "f9", "f9", "f11", "f9", "f9", "f9", "f9", "f9", "f9", "f9", "f9", "f1"], "most_acc_1": ["f1", "f1", "f1", "f1", "f1", "f10", "f10", "f10", "f10", "f11", "f10", "f10", "f13", "f13", "f11", "f11", "f13", "f13", "f10", "f10", "f10", "f13", "f10", "f10", "f10", "f10", "f10"], "best_perf_1": ["f1", "f1", "f1", "f1", "f9", "f9", "f9", "f9", "f9", "f9", "f9", "f10", "f9", "f4", "f9", "f9", "f9", "f9", "f10", "f10", "f10", "f10", "f10", "f10", "f10", "f10", "f10"], "most_acc_0": ["f1", "f1", "f1", "f1", "f10", "f10", "f9", "f9", "f4", "f4", "f9", "f9", "f11", "f4", "f11", "f11", "f11", "f4", "f11", "f11", "f11", "f13", "f13", "f13", "f13", "f13", "f13"]}

